CompanyName; ContactName; PhoneNumber; YearsInBusiness; EmailId; YearFounded
Company 12 AB, LLC ; Oliver Washington; +1 (301)667-1244; ; ; 1978
Company A;  John Smith;  (301) 111-1234;  9;  jsmith@rapidadvance.info; 
Company JK; Jimmy Green; +1 (301) 667-1234; ; ; 1900
Company Test, Inc.; Alice Jones; +1 (301) 667-1277; ; ; 2001
Company Y Corporation;  Jane Jones;  (301) 222-1234;  19;  jjones@rapidadvance.info; 
CompanyG LLC.;  James Johnson;  (301) 333-1234;  13;  jjohnson@rapidadvance.info; 
Creative Name Corp.; Bob Stone; +13016674477; ; bstone@rapidadvance.info; 2000
Last Efforts LLC; Alicia Smith; +13016674557; ; asmith@rapidadvance.info; 1994
Simple Start Inc.; Samantha Oliver; 3016543477; ; soliver@rapidadvance.info; 2001
CompanyG LLC.;  James Johnson;  (301) 333-1234;  13;  jjohnson@rapidadvance.info; 
Company Y Corporation;  Jane Jones;  (301) 222-1234;  19;  jjones@rapidadvance.info; 
Company A;  John Smith;  (301) 111-1234;  9;  jsmith@rapidadvance.info; 
Company Test, Inc.; Alice Jones; +1 (301) 667-1277; ; ; 2001
Last Efforts LLC; Alicia Smith; +13016674557; ; asmith@rapidadvance.info; 1994
Creative Name Corp.; Bob Stone; +13016674477; ; bstone@rapidadvance.info; 2000
Company JK; Jimmy Green; +1 (301) 667-1234; ; ; 1900
Company 12 AB, LLC ; Oliver Washington; +1 (301)667-1244; ; ; 1978
Simple Start Inc.; Samantha Oliver; 3016543477; ; soliver@rapidadvance.info; 2001
